student_id,completion_rate,avg_submission_time_days,quiz_score
S001,34.7,7.11,30.3
S002,94.7,0.93,89.2
S003,35.9,5.58,71.5
S004,93.2,1.39,87.3
S005,72.6,4.36,63.2
S006,63.3,4.54,72.3
S007,41.0,6.89,49.9
S008,68.4,1.81,36.8
S009,78.2,2.35,58.5
S010,23.8,6.59,47.9
S011,40.6,6.39,32.9
S012,35.7,6.46,28.0
S013,83.4,1.05,79.1
S014,78.5,1.89,62.6
S015,84.3,0.62,53.2
S016,82.4,0.9,86.2
S017,31.0,6.26,41.7
S018,23.4,6.76,49.5
S019,72.7,4.56,60.8
S020,90.8,1.93,80.7
S021,99.6,0.75,81.7
S022,95.8,1.23,76.2
S023,66.3,2.81,65.7
S024,89.7,1.26,92.4
S025,32.7,5.34,50.5
S026,67.5,2.96,67.6
S027,38.1,3.62,56.0
S028,42.1,2.2,38.3
S029,66.9,2.93,67.9
S030,74.9,3.36,60.9
S031,55.9,3.81,49.1
S032,95.2,1.36,87.9
S033,50.9,4.34,86.2
S034,72.7,1.8,65.7
S035,89.7,0.49,80.0
S036,47.7,5.3,45.0
S037,90.8,0.49,92.9
S038,89.7,0.62,89.0
S039,94.5,0.92,84.4
S040,91.3,0.69,99.1
S041,77.5,3.36,61.0
S042,64.2,2.52,71.6
S043,99.9,1.09,89.3
S044,34.1,9.33,53.4
S045,33.8,10.19,63.9
S046,77.8,0.38,69.1
S047,39.0,5.99,40.1
S048,64.6,4.0,76.8
